Player ID,Player,From,To,Pos,Ht,Wt,Birth Date,College
lacefre01,Reggie Lacefield,1969,1969,G-F,6-5,230,"April 10, 1945","Western Michigan University"
lacyed01,Edgar Lacey,1969,1969,F,6-6,190,"August 2, 1944","University of California, Los Angeles"
laceysa01,Sam Lacey,1971,1983,C,6-10,235,"March 28, 1948","New Mexico State University"
lackebo01,Bob Lackey,1973,1974,G-F,6-5,200,"April 4, 1949","Marquette University"
lacoufr01,Fred LaCour,1961,1963,G-F,6-5,210,"February 7, 1938","University of San Francisco"
ladnewe01,Wendell Ladner,1971,1975,F,6-5,220,"October 6, 1948","University of Southern Mississippi"
laettch01,Christian Laettner,1993,2005,F-C,6-11,235,"August 17, 1969","Duke University"
lafayol01,Oliver Lafayette,2010,2010,G,6-2,190,"May 6, 1984","University of Houston"
lafrera01,Raef LaFrentz,1999,2008,F-C,6-11,240,"May 29, 1976","University of Kansas"
lagarto01,Tom LaGarde,1978,1985,C-F,6-10,220,"February 10, 1955","University of North Carolina"
laimbbi01,Bill Laimbeer,1981,1994,C,6-11,245,"May 19, 1957","University of Notre Dame"
lalicpe01,Pete Lalich,1947,1947,F,6-2,190,"June 23, 1920","Ohio University"
lamarbo01,Bo Lamar,1974,1977,G,6-1,180,"April 7, 1951","University of Louisiana at Lafayette"
lambdo01,Doron Lamb,2013,2014,G,6-4,210,"November 6, 1991","University of Kentucky"
lambje01,Jeremy Lamb,2013,2014,G-F,6-5,180,"May 30, 1992","University of Connecticut"
lambejo01,John Lambert,1976,1982,C-F,6-10,225,"January 14, 1953","University of Southern California"
lampje01,Jeff Lamp,1982,1989,F-G,6-6,195,"March 9, 1959","University of Virginia"
lampema01,Maciej Lampe,2004,2006,F,6-11,275,"February 5, 1985",""
lamplji01,Jim Lampley,1987,1987,C,6-10,230,"July 2, 1960","University of Arkansas at Little Rock"
lamplse01,Sean Lampley,2003,2004,F,6-7,227,"September 3, 1979","University of California"
landrca01,Carl Landry,2008,2013,F,6-9,248,"September 19, 1983","Purdue University"
landrma01,Marcus Landry,2010,2010,F,6-7,230,"November 1, 1985","University of Wisconsin"
landsma01,Mark Landsberger,1978,1984,F-C,6-8,215,"May 21, 1955","Arizona State University"
laneje01,Jerome Lane,1989,1993,F,6-6,230,"December 4, 1966","University of Pittsburgh"
langan01,Andrew Lang,1989,2000,C,6-11,245,"June 28, 1966","University of Arkansas"
langan02,Antonio Lang,1995,2000,F-G,6-8,205,"May 15, 1972","Duke University"
langja01,James Lang,2007,2007,C,6-10,285,"October 17, 1983",""
langdtr01,Trajan Langdon,2000,2002,G,6-3,197,"May 13, 1976","Duke University"
langfke01,Keith Langford,2008,2008,G,6-4,215,"September 15, 1983","University of Kansas"
langhda01,Dan Langhi,2001,2004,F,6-11,220,"November 28, 1977","Vanderbilt University"
laniebo01,Bob Lanier,1971,1984,C,6-11,250,"September 10, 1948","St. Bonaventure University"
lantzst01,Stu Lantz,1969,1976,G,6-3,175,"July 13, 1946","University of Nebraska"
laresyo01,York Larese,1962,1962,G,6-4,183,"July 18, 1938","University of North Carolina"
larkish01,Shane Larkin,2014,2014,G,5-11,176,"October 2, 1992","University of Miami"
larueru01,Rusty LaRue,1998,2004,G,6-2,210,"December 10, 1973","Wake Forest University"
larusru01,Rudy LaRusso,1960,1969,F-C,6-7,220,"November 11, 1937","Dartmouth College"
laskojo01,John Laskowski,1976,1977,G,6-6,185,"June 7, 1953","Indiana University"
lasmest01,Stephane Lasme,2008,2008,F,6-8,215,"December 17, 1982","University of Massachusetts Amherst"
lattida01,Dave Lattin,1968,1973,F-C,6-6,225,"December 23, 1943","University of Texas at El Paso"
laudepr01,Priest Lauderdale,1997,1998,C,7-4,325,"August 31, 1973","Central State University"
laureri01,Rich Laurel,1978,1978,G,6-6,190,"July 11, 1954","Hofstra University"
lauriha01,Harry Laurie,1971,1971,G,6-1,178,"November 2, 1944","Saint Peter's College"
lautewa01,Walt Lautenbach,1950,1950,G-F,6-2,185,"November 17, 1922","University of Wisconsin"
lavelto01,Tony Lavelli,1950,1951,F,6-3,185,"July 11, 1926","Yale University"
lavoybo01,Bob Lavoy,1951,1954,F-C,6-7,185,"June 29, 1926","Western Kentucky University"
lawac01,Acie Law,2008,2011,G,6-3,195,"January 25, 1985","Texas A&amp;M University"
lawalga01,Gani Lawal,2011,2011,F,6-9,234,"November 7, 1988","Georgia Institute of Technology"
lawreed01,Edmund Lawrence,1981,1981,C,7-0,228,"December 8, 1952","McNeese State University"
lawsoja01,Jason Lawson,1998,1998,C,6-11,240,"September 2, 1974","Villanova University"
lawsoty01,Ty Lawson,2010,2014,G,5-11,195,"November 3, 1987","University of North Carolina"
laytomo01,Mo Layton,1972,1978,G,6-1,180,"December 24, 1948","University of Southern California"
leaksma01,Manny Leaks,1969,1974,C-F,6-8,225,"November 27, 1945","Niagara University"
learha01,Hal Lear,1957,1957,G,6-0,163,"January 31, 1935","Temple University"
leaveal01,Allen Leavell,1980,1989,G,6-1,170,"May 27, 1957","Oklahoma City University"
leboje01,Jeff Lebo,1990,1990,G,6-2,180,"October 5, 1966","University of North Carolina"
leckner01,Eric Leckner,1989,1997,C-F,6-11,265,"May 27, 1966","University of Wyoming"
ledori01,Ricky Ledo,2014,2014,G,6-7,195,"September 10, 1992",""
leebu01,Butch Lee,1979,1980,G,6-0,185,"December 5, 1956","Marquette University"
leecl01,Clyde Lee,1967,1976,F-C,6-10,205,"March 14, 1944","Vanderbilt University"
leeco01,Courtney Lee,2009,2014,G,6-5,200,"October 3, 1985","Western Kentucky University"
leeda01,David Lee,1968,1969,F,6-7,225,"March 31, 1942","University of San Francisco"
leeda02,David Lee,2006,2014,F,6-9,249,"April 29, 1983","University of Florida"
leedi01,Dick Lee,1968,1968,F,6-6,,"","University of Washington"
leedo01,Doug Lee,1992,1995,G-F,6-5,200,"October 24, 1964","Purdue University"
leege01,George Lee,1961,1968,F-G,6-4,200,"November 23, 1936","University of Michigan"
leegr01,Greg Lee,1975,1976,G,6-3,190,"December 12, 1951","University of California, Los Angeles"
leeke01,Keith Lee,1986,1989,F-C,6-10,215,"December 28, 1962","University of Memphis"
leeku01,Kurk Lee,1991,1991,G,6-3,190,"June 3, 1967","Towson University"
leema01,Malcolm Lee,2012,2013,G,6-5,200,"May 22, 1990","University of California, Los Angeles"
leero02,Rock Lee,1982,1982,C,6-10,220,"May 1, 1955","San Diego State University"
leero01,Ron Lee,1977,1982,G,6-4,193,"November 2, 1952","University of Oregon"
leeru01,Russ Lee,1973,1975,G-F,6-5,185,"January 27, 1950","Marshall University"
leedeed01,Ed Leede,1950,1951,F-G,6-3,185,"July 17, 1927","Dartmouth College"
lefkoha01,Hank Lefkowitz,1947,1947,F,6-2,190,"August 31, 1923","Case Western Reserve University"
legleti01,Tim Legler,1990,2000,G,6-4,200,"December 26, 1966","La Salle University"
lehmage01,George Lehmann,1968,1974,G,6-0,180,"May 1, 1942","Campbell University"
lenal01,Alex Len,2014,2014,C,7-1,255,"June 16, 1993","University of Maryland"
lenarvo01,Voshon Lenard,1996,2006,G,6-4,205,"May 14, 1973","University of Minnesota"
lentzle01,Leary Lentz,1968,1969,F,6-6,200,"February 23, 1945","University of Houston"
leonaga01,Gary Leonard,1990,1992,C,7-1,250,"February 16, 1967","University of Missouri"
leonaka01,Kawhi Leonard,2012,2014,F,6-7,225,"June 29, 1991","San Diego State University"
leoname01,Meyers Leonard,2013,2014,C,7-1,245,"February 27, 1992","University of Illinois at Urbana-Champaign"
leonasl01,Slick Leonard,1957,1963,G,6-3,185,"July 17, 1932","Indiana University"
lesji01,Jim Les,1989,1995,G,5-11,165,"August 18, 1963","Bradley University"
leslitr01,Travis Leslie,2012,2012,G,6-4,205,"March 29, 1990","University of Georgia"
lestero01,Ronnie Lester,1981,1986,G,6-2,175,"January 1, 1959","University of Iowa"
lettcl01,Clifford Lett,1990,1991,G,6-3,170,"December 23, 1965","University of Florida"
leuerjo01,Jon Leuer,2012,2014,F,6-10,228,"May 14, 1989","University of Wisconsin"
levanan01,Andrew Levane,1949,1953,F-G,6-2,190,"April 11, 1920","St. John's University"
leverfa01,Fat Lever,1983,1994,G,6-3,170,"August 18, 1960","Arizona State University"
levincl01,Cliff Levingston,1983,1995,F,6-8,210,"January 4, 1961","Wichita State University"
lewisbo01,Bobby Lewis,1968,1971,G,6-3,175,"March 20, 1945","University of North Carolina"
lewisce01,Cedric Lewis,1996,1996,F-C,6-10,235,"September 24, 1969","University of Maryland"
lewisfr01,Freddie Lewis,1949,1950,F-G,6-2,195,"January 6, 1921","Eastern Kentucky University"
lewisfr02,Freddie Lewis,1967,1977,G,6-0,175,"July 1, 1943","Arizona State University"
lewisgr01,Grady Lewis,1947,1949,F-C,6-7,215,"March 25, 1917","University of Oklahoma"
lewisma01,Martin Lewis,1996,1997,F,6-5,210,"April 28, 1975","Seward County Community College"
lewismi01,Mike Lewis,1969,1974,C-F,6-8,225,"March 18, 1946","Duke University"
lewisqu01,Quincy Lewis,2000,2004,F,6-7,215,"June 26, 1977","University of Minnesota"
lewisra01,Ralph Lewis,1988,1990,G,6-6,200,"March 28, 1963","La Salle University"
lewisra02,Rashard Lewis,1999,2014,F,6-10,215,"August 8, 1979",""
lewisre01,Reggie Lewis,1988,1993,G-F,6-7,195,"November 21, 1965","Northeastern University"
liberma01,Marcus Liberty,1991,1994,F,6-8,205,"October 27, 1968","University of Illinois at Urbana-Champaign"
lichtto01,Todd Lichti,1990,1994,G-F,6-4,205,"January 8, 1967","Stanford University"
lieboba01,Barry Liebowitz,1968,1968,G,6-2,180,"September 10, 1945","Long Island University"
liggide01,DeAndre Liggins,2012,2013,G,6-6,209,"March 31, 1988","University of Kentucky"
ligonbi01,Bill Ligon,1975,1975,G,6-4,180,"May 29, 1952","Vanderbilt University"
ligongo01,Goose Ligon,1968,1974,F-C,6-7,210,"February 22, 1944",""
lillada01,Damian Lillard,2013,2014,G,6-3,195,"July 15, 1990","Weber State University"
linje01,Jeremy Lin,2011,2014,G,6-3,200,"August 23, 1988","Harvard University"
lingest01,Steve Lingenfelter,1983,1984,F,6-9,225,"June 10, 1958","South Dakota State University"
listeal01,Alton Lister,1982,1998,C-F,7-0,240,"October 1, 1958","Arizona State University"
littlsa01,Samuel Little,1970,1970,G,6-0,180,"March 29, 1946","Delta State University"
littlge01,Gene Littles,1970,1975,G,6-0,160,"June 29, 1943","High Point University"
livinra01,Randy Livingston,1997,2007,G,6-4,209,"April 2, 1975","Louisiana State University"
livinsh01,Shaun Livingston,2005,2014,G,6-7,182,"September 11, 1985",""
livinro01,Ron Livingstone,1950,1951,C,6-10,220,"October 9, 1925","University of Wyoming"
llamaho01,Horacio Llamas Grey,1997,1998,C,6-11,285,"July 17, 1973","Grand Canyon University"
lloydbo01,Bobby Lloyd,1968,1969,G,6-2,184,"January 3, 1946","Rutgers University"
lloydch01,Chuck Lloyd,1971,1971,C-F,6-8,220,"May 22, 1947","Yankton College"
lloydea01,Earl Lloyd,1951,1960,F-C,6-5,200,"April 3, 1928","West Virginia State University"
lloydle01,Lewis Lloyd,1982,1990,G-F,6-6,205,"February 22, 1959","Drake University"
lloydsc01,Scott Lloyd,1977,1983,C-F,6-10,230,"December 19, 1952","Arizona State University"
lochmri01,Riney Lochmann,1968,1970,F,6-6,215,"May 26, 1944","University of Kansas"
lochmbo01,Bob Lochmueller,1953,1953,F,6-5,185,"June 5, 1927","University of Louisville"
lockro01,Rob Lock,1989,1989,F,6-9,225,"May 22, 1966","University of Kentucky"
lockhda01,Darrell Lockhart,1984,1984,C,6-9,245,"September 14, 1960","Auburn University"
lockhia01,Ian Lockhart,1991,1991,F,6-8,240,"June 25, 1967","University of Tennessee"
loderke01,Kevin Loder,1982,1984,F-G,6-6,205,"March 15, 1959","Alabama State University"
lofgrdo01,Don Lofgran,1951,1954,F-C,6-5,200,"November 18, 1928","University of San Francisco"
loganhe01,Henry Logan,1969,1970,G,6-0,180,"March 14, 1946","Western Carolina University"
loganjo01,John Logan,1947,1951,G,6-2,175,"January 1, 1921","Indiana University"
lohaubr01,Brad Lohaus,1988,1998,C-F,6-11,230,"September 29, 1964","University of Iowa"
longar01,Art Long,2001,2003,F,6-9,250,"October 1, 1972","University of Cincinnati"
longgr01,Grant Long,1989,2003,F,6-8,225,"March 12, 1966","Eastern Michigan University"
longjo01,John Long,1979,1997,G-F,6-5,195,"August 28, 1956","University of Detroit Mercy"
longpa01,Paul Long,1968,1971,G,6-2,180,"February 8, 1944","Wake Forest University"
longwi01,Willie Long,1972,1974,F-C,6-8,225,"March 1, 1950","University of New Mexico"
longllu01,Luc Longley,1992,2001,C,7-2,265,"January 19, 1969","University of New Mexico"
lopezbr01,Brook Lopez,2009,2014,C,7-0,260,"April 1, 1988","Stanford University"
lopezfe01,Felipe Lopez,1999,2002,G,6-5,199,"December 19, 1974","St. John's University"
lopezra01,Raul Lopez,2004,2005,G,6-1,170,"April 15, 1980",""
lopezro01,Robin Lopez,2009,2014,C,7-0,255,"April 1, 1988","Stanford University"
lorthry01,Ryan Lorthridge,1995,1995,G,6-4,190,"July 27, 1972","Jackson State University"
loscuji01,Jim Loscutoff,1956,1964,F,6-5,220,"February 4, 1930","University of Oregon"
lottpl01,Plummer Lott,1968,1969,F-G,6-5,210,"December 11, 1945","Seattle University"
loughke01,Kevin Loughery,1963,1973,G,6-3,190,"March 28, 1940","St. John's University"
lovebo01,Bob Love,1967,1977,F,6-8,215,"December 8, 1942","Southern University and A&amp;M College"
loveke01,Kevin Love,2009,2014,F,6-10,260,"September 7, 1988","University of California, Los Angeles"
lovest01,Stan Love,1972,1975,F,6-9,215,"April 9, 1949","University of Oregon"
lovelcl01,Clyde Lovellette,1954,1964,C-F,6-9,234,"September 7, 1929","University of Kansas"
lowesi01,Sidney Lowe,1984,1990,G,6-0,195,"January 21, 1960","North Carolina State University"
lowerch01,Charlie Lowery,1972,1972,G,6-3,185,"November 12, 1949","University of Puget Sound"
lowryky01,Kyle Lowry,2007,2014,G,6-0,175,"March 25, 1986","Villanova University"
lucasal01,Al Lucas,1949,1949,F-G,6-3,195,"July 4, 1922","Fordham University"
lucasje01,Jerry Lucas,1964,1974,F-C,6-8,230,"March 30, 1940","Ohio State University"
lucasjo01,John Lucas,1977,1990,G,6-3,175,"October 31, 1953","University of Maryland"
lucasjo02,John Lucas,2006,2014,G,5-11,165,"November 21, 1982","Oklahoma State University"
lucasma01,Maurice Lucas,1975,1988,F-C,6-9,215,"February 18, 1952","Marquette University"
luckete01,Ted Luckenbill,1962,1963,F,6-6,205,"July 27, 1939","University of Houston"
luety01,Tyronn Lue,1999,2009,G,6-0,175,"May 3, 1977","University of Nebraska"
luisiji01,Jim Luisi,1954,1954,G,6-2,180,"November 2, 1928","St. Francis College"
lujacal01,Al Lujack,1947,1947,F,6-3,220,"October 5, 1920","Georgetown University"
lumpkph01,Phil Lumpkin,1975,1976,G,6-0,165,"December 20, 1951","Miami University"
lumppra01,Ray Lumpp,1949,1953,G,6-1,178,"July 11, 1923","New York University"
lynamrb01,R.B. Lynam,1968,1968,G,6-1,190,"","Oklahoma Baptist University"
lynchge01,George Lynch,1994,2005,F,6-8,218,"September 3, 1970","University of North Carolina"
lynchke01,Kevin Lynch,1992,1993,G-F,6-5,195,"December 24, 1968","University of Minnesota"
lynnlo01,Lonnie Lynn,1970,1970,F,6-7,215,"May 24, 1943","Wilberforce University"
lynnmi01,Mike Lynn,1970,1971,F,6-7,215,"November 25, 1945","University of California, Los Angeles"
