Player ID,Player,From,To,Pos,Ht,Wt,Birth Date,College
eacklle01,Ledell Eackles,1989,1998,G-F,6-5,220,"November 24, 1966","University of New Orleans"
eakinji01,Jim Eakins,1969,1978,C,6-11,215,"May 24, 1946","Brigham Young University"
earlac01,Acie Earl,1994,1997,F-C,6-10,240,"June 23, 1970","University of Iowa"
earleed01,Ed Earle,1954,1954,F,6-3,190,"April 28, 1927","Loyola University of Chicago"
earlype01,Penny Early,1969,1969,G,5-3,114,"May 30, 1943",""
eatonma01,Mark Eaton,1983,1993,C,7-4,275,"January 24, 1957","University of California, Los Angeles"
eavesje01,Jerry Eaves,1983,1987,G,6-4,180,"February 8, 1959","University of Louisville"
ebankde01,Devin Ebanks,2011,2013,F,6-9,215,"October 28, 1989","West Virginia University"
ebbenbi01,Bill Ebben,1958,1958,G,6-4,190,"October 7, 1935","University of Detroit Mercy"
eberhal01,Al Eberhard,1975,1978,F,6-6,225,"May 10, 1952","University of Missouri"
ebind01,Ndudi Ebi,2004,2005,F,6-9,200,"June 18, 1984",""
ebronro01,Roy Ebron,1974,1974,C,6-9,220,"August 31, 1951","University of Louisiana at Lafayette"
eddiepa01,Patrick Eddie,1992,1992,C,6-11,240,"December 27, 1967","University of Mississippi"
eddledi01,Dike Eddleman,1950,1953,F-G,6-3,189,"December 27, 1922","University of Illinois at Urbana-Champaign"
edelike01,Kenton Edelin,1985,1985,F,6-8,205,"May 24, 1962","University of Virginia"
edgech01,Charles Edge,1974,1975,F,6-6,210,"February 23, 1950","LeMoyne-Owen College"
edmonbo01,Bobby Edmonds,1968,1970,F,6-6,220,"March 8, 1941","Tennessee State University"
edmonke01,Keith Edmonson,1983,1984,G,6-5,195,"September 28, 1960","Purdue University"
edneyty01,Tyus Edney,1996,2001,G,5-10,152,"February 14, 1973","University of California, Los Angeles"
edwarbi01,Bill Edwards,1994,1994,F,6-8,215,"September 22, 1971","Wright State University"
edwarbl01,Blue Edwards,1990,1999,G-F,6-4,200,"October 31, 1965","East Carolina University"
edwarco01,Corsley Edwards,2005,2005,F,6-9,275,"March 5, 1979","Central Connecticut State University"
edwardo01,Doug Edwards,1994,1996,F,6-7,220,"January 21, 1971","Florida State University"
edwarfr01,Franklin Edwards,1982,1988,G,6-1,170,"February 2, 1959","Cleveland State University"
edwarja01,James Edwards,1978,1996,C-F,7-0,225,"November 22, 1955","University of Washington"
edwarja02,Jay Edwards,1990,1990,G,6-4,185,"January 3, 1969","Indiana University"
edwarjo01,John Edwards,2005,2006,C,7-0,275,"July 31, 1981","Kent State University"
edwarke01,Kevin Edwards,1989,2001,G,6-3,190,"October 30, 1965","DePaul University"
eganjo01,Johnny Egan,1962,1972,G,5-11,180,"January 31, 1939","Providence College"
egglelo01,Lonnie Eggleston,1949,1949,G,6-0,170,"June 8, 1918","Oklahoma State University"
ehlerbu01,Bulbs Ehlers,1948,1949,F-G,6-3,198,"March 10, 1923","Purdue University"
ehlocr01,Craig Ehlo,1984,1997,G-F,6-6,180,"August 11, 1961","Washington State University"
eichhdi01,Rich Eichhorst,1962,1962,G,6-3,200,"October 21, 1933","Southeast Missouri State University"
eisleho01,Howard Eisley,1995,2006,G,6-2,177,"December 4, 1972","Boston College"
ekeziob01,Obinna Ekezie,2000,2005,F-C,6-9,270,"August 22, 1975","University of Maryland"
elamikh01,Khalid El-Amin,2001,2001,G,5-10,200,"April 25, 1979","University of Connecticut"
eliasdo01,Don Eliason,1947,1947,F,6-2,210,"July 24, 1918","Hamline University"
eliema01,Mario Elie,1991,2001,G-F,6-5,210,"November 26, 1963","American International College"
ellefra01,Ray Ellefson,1949,1951,C,6-8,230,"November 18, 1922","West Texas A&amp;M University"
ellinwa01,Wayne Ellington,2010,2014,G,6-4,200,"October 29, 1987","University of North Carolina"
elliobo01,Bob Elliott,1979,1981,C-F,6-9,225,"August 18, 1955","University of Arizona"
elliose01,Sean Elliott,1990,2001,F,6-8,205,"February 2, 1968","University of Arizona"
ellisbo02,Bo Ellis,1978,1980,F,6-9,197,"August 8, 1954","Marquette University"
ellisbo01,Boo Ellis,1959,1960,F,6-5,185,"February 11, 1936","Niagara University"
ellisda01,Dale Ellis,1984,2000,G-F,6-7,205,"August 6, 1960","University of Tennessee"
ellisha01,Harold Ellis,1994,1998,G,6-5,200,"October 7, 1970","Morehouse College"
ellisjo01,Joe Ellis,1967,1974,F-G,6-6,175,"May 3, 1944","University of San Francisco"
ellisla01,LaPhonso Ellis,1993,2003,F,6-8,240,"May 5, 1970","University of Notre Dame"
ellisle02,LeRon Ellis,1992,1996,F-C,6-9,225,"April 28, 1969","Syracuse University"
ellisle01,Leroy Ellis,1963,1976,C-F,6-10,210,"March 10, 1940","St. John's University"
ellismo01,Monta Ellis,2006,2014,G,6-3,175,"October 26, 1985",""
ellispe01,Pervis Ellison,1990,2001,F-C,6-9,210,"April 3, 1967","University of Louisville"
elmorle01,Len Elmore,1975,1984,C-F,6-9,220,"March 28, 1952","University of Maryland"
elsonfr01,Francisco Elson,2004,2012,C,7-0,235,"February 28, 1976","University of California"
elstoda01,Darrell Elston,1975,1977,G,6-4,190,"August 15, 1952","University of North Carolina"
elyme01,Melvin Ely,2003,2011,C,6-10,260,"May 2, 1978","California State University, Fresno"
embrywa01,Wayne Embry,1959,1969,C-F,6-8,240,"March 26, 1937","Miami University"
emmetan01,Andre Emmett,2005,2012,F,6-5,230,"August 27, 1982","Texas Tech University"
endrene01,Ned Endress,1947,1947,F-G,6-2,200,"March 2, 1918","University of Akron"
englech01,Chris Engler,1983,1988,C,6-11,245,"March 1, 1959","University of Wyoming"
englewa01,Wayne Englestad,1989,1989,F,6-8,245,"December 6, 1966","University of California, Irvine"
engliaj01,A.J. English,1991,1992,G,6-3,175,"July 11, 1967","Virginia Union University"
englial01,Alex English,1977,1991,F,6-7,190,"January 5, 1954","University of South Carolina"
englicl01,Claude English,1971,1971,F,6-4,185,"December 26, 1946","University of Rhode Island"
englijo01,Jo Jo English,1993,1995,G,6-4,195,"February 4, 1970","University of South Carolina"
engliki01,Kim English,2013,2013,G,6-6,200,"September 24, 1988","University of Missouri"
englisc01,Scott English,1973,1975,F,6-6,205,"October 20, 1950","University of Texas at El Paso"
engluge01,Gene Englund,1950,1950,F-C,6-5,205,"October 21, 1917","University of Wisconsin"
eppsra01,Ray Epps,1979,1979,F,6-6,195,"August 20, 1956","Norfolk State University"
erdense01,Semih Erden,2011,2012,C,7-0,240,"July 28, 1986",""
eriasbo01,Bo Erias,1958,1958,F,6-3,220,"July 30, 1932","Niagara University"
erickke01,Keith Erickson,1966,1977,F-G,6-5,195,"April 19, 1944","University of California, Los Angeles"
ervinju01,Julius Erving,1972,1987,F-G,6-6,200,"February 22, 1950","University of Massachusetts Amherst"
eschmev01,Evan Eschmeyer,2000,2003,C,6-11,255,"May 30, 1975","Northwestern University"
eskrija01,Jack Eskridge,1949,1949,C-F,6-5,200,"January 21, 1924","University of Kansas"
esposvi01,Vincenzo Esposito,1996,1996,G,6-3,198,"January 3, 1969",""
evansbi01,Billy Evans,1970,1970,G,6-0,170,"March 3, 1947","Boston College"
evansbo01,Bob Evans,1950,1950,G,6-2,175,"May 31, 1925","Butler University"
evansbr01,Brian Evans,1997,1999,F,6-8,220,"September 13, 1973","Indiana University"
evansea01,Earl Evans,1980,1980,F,6-8,202,"November 11, 1955","University of Nevada, Las Vegas"
evansje01,Jeremy Evans,2011,2014,F,6-9,196,"October 24, 1987","Western Kentucky University"
evansma01,Maurice Evans,2002,2012,G,6-5,220,"November 8, 1978","University of Texas at Austin"
evansmi01,Mike Evans,1980,1988,G,6-1,170,"April 19, 1955","Kansas State University"
evansre01,Reggie Evans,2003,2014,F,6-8,245,"May 18, 1980","University of Iowa"
evansty01,Tyreke Evans,2010,2014,G,6-6,220,"September 19, 1989","University of Memphis"
ewingda01,Daniel Ewing,2006,2007,G,6-3,185,"March 26, 1983","Duke University"
ewingpa01,Patrick Ewing,1986,2002,C-F,7-0,240,"August 5, 1962","Georgetown University"
ewingpa02,Patrick Ewing,2011,2011,F,6-8,235,"May 20, 1984","Georgetown University"
eyengch01,Christian Eyenga,2011,2012,F,6-5,210,"June 22, 1989",""
ezelife01,Festus Ezeli,2013,2013,C,6-11,255,"October 21, 1989","Vanderbilt University"
ezersjo01,Johnny Ezersky,1948,1950,F-G,6-3,175,"","University of Rhode Island"
