Player ID,Player,From,To,Pos,Ht,Wt,Birth Date,College
cabarza01,Zarko Cabarkapa,2004,2006,F,6-11,235,"May 21, 1981",""
cableba01,Barney Cable,1959,1964,F,6-7,175,"July 29, 1935","Bradley University"
caffeja01,Jason Caffey,1996,2003,F,6-8,255,"June 12, 1973","University of Alabama"
cagemi01,Michael Cage,1985,2000,F-C,6-9,224,"January 28, 1962","San Diego State University"
calabge01,Gerry Calabrese,1951,1952,G,6-1,175,"February 4, 1925","St. John's University"
calatni01,Nick Calathes,2014,2014,G,6-6,213,"February 7, 1989","University of Florida"
caldejo01,Jose Calderon,2006,2014,G,6-3,210,"September 28, 1981",""
caldwad01,Adrian Caldwell,1990,1998,F-C,6-8,265,"July 4, 1966","Lamar University"
caldwji01,Jim Caldwell,1968,1969,C,6-10,240,"January 28, 1943","Georgia Institute of Technology"
caldwjo01,Joe Caldwell,1965,1975,F-G,6-5,195,"November 1, 1941","Arizona State University"
caldwke01,Kentavious Caldwell-Pope,2014,2014,G,6-5,205,"February 18, 1993","University of Georgia"
calhobi01,Bill Calhoun,1949,1955,F-G,6-3,180,"November 4, 1927","City College of San Francisco"
calhoco01,Corky Calhoun,1973,1980,F,6-7,210,"November 1, 1950","University of Pennsylvania"
calipde01,Demetrius Calip,1992,1992,G,6-1,165,"November 18, 1969","University of Michigan"
callato01,Tom Callahan,1947,1947,G,6-1,180,"June 2, 1921","Rockhurst University"
callori01,Rick Calloway,1991,1991,F,6-6,180,"December 12, 1966","University of Kansas"
calveer01,Ernie Calverley,1947,1949,G,5-10,145,"January 30, 1924","University of Rhode Island"
calvima01,Mack Calvin,1970,1981,G,6-0,165,"July 27, 1947","University of Southern California"
cambrde01,Dexter Cambridge,1993,1993,F,6-7,224,"January 29, 1970","University of Texas at Austin"
cambyma01,Marcus Camby,1997,2013,C-F,6-11,220,"March 22, 1974","University of Massachusetts Amherst"
campbel01,Elden Campbell,1991,2005,C,6-11,215,"July 23, 1968","Clemson University"
campbto01,Tony Campbell,1985,1995,F-G,6-7,215,"May 7, 1962","Ohio State University"
canaais01,Isaiah Canaan,2014,2014,G,6-0,188,"May 2, 1991",""
cannola01,Larry Cannon,1970,1974,G,6-4,195,"April 12, 1947","La Salle University"
caracde01,Derrick Caracter,2011,2011,F,6-9,275,"May 4, 1988","University of Texas at El Paso"
cardfr01,Frank Card,1969,1973,F,6-7,195,"December 28, 1944","South Carolina State University"
cardibr01,Brian Cardinal,2001,2012,F,6-8,245,"May 2, 1977","Purdue University"
carlho01,Howie Carl,1962,1962,G,5-9,160,"June 7, 1938","DePaul University"
carlich01,Chet Carlisle,1947,1947,F-C,6-5,195,"November 2, 1916","University of California"
carlige01,Geno Carlisle,2005,2005,G,6-3,180,"August 13, 1976","University of California"
carliri01,Rick Carlisle,1985,1990,G,6-5,210,"October 27, 1959","University of Virginia"
carlodo01,Don Carlos,1969,1969,G-F,6-5,210,"March 3, 1944","Otterbein College"
carlsal01,Al Carlson,1976,1976,C,6-11,235,"September 17, 1951","University of Oregon"
carlsdo01,Don Carlson,1947,1951,G-F,6-0,170,"March 22, 1919","University of Minnesota"
carnebo01,Bob Carney,1955,1955,G,6-3,170,"August 3, 1932","Bradley University"
carnero01,Rodney Carney,2007,2011,F,6-7,205,"April 15, 1984","University of Memphis"
carpebo01,Bob Carpenter,1950,1951,F-C,6-5,200,"November 6, 1917","East Texas State University"
carran01,Antoine Carr,1985,2000,F-C,6-9,225,"July 23, 1961","Wichita State University"
carrau01,Austin Carr,1972,1981,G,6-4,200,"March 10, 1948","University of Notre Dame"
carrch01,Chris Carr,1996,2001,G,6-5,207,"March 12, 1974","Southern Illinois University"
carrco01,Cory Carr,1999,1999,G,6-3,210,"December 5, 1975","Texas Tech University"
carrke01,Kenny Carr,1978,1987,F,6-7,220,"August 15, 1955","North Carolina State University"
carrml01,M.L. Carr,1976,1985,F-G,6-6,205,"January 9, 1951","Guilford College"
carrida01,Darel Carrier,1968,1973,G,6-3,185,"October 26, 1940","Western Kentucky University"
carribo01,Bob Carrington,1978,1980,G-F,6-6,195,"July 3, 1953","Boston College"
carrode01,DeMarre Carroll,2010,2014,F,6-8,212,"July 27, 1986","University of Missouri"
carrojo01,Joe Barry Carroll,1981,1991,C-F,7-0,225,"July 24, 1958","Purdue University"
carroma01,Matt Carroll,2004,2013,G,6-6,212,"August 28, 1980","University of Notre Dame"
carruji01,Jimmy Carruth,1997,1997,C-F,6-10,265,"November 4, 1969","Virginia Polytechnic Institute and State University"
cartean01,Anthony Carter,2000,2012,G,6-1,190,"June 16, 1975","University of Hawaii"
cartebu01,Butch Carter,1981,1986,G,6-5,180,"June 11, 1958","Indiana University"
cartefr01,Fred Carter,1970,1977,G-F,6-3,185,"February 14, 1945","Mount St. Mary's University"
cartege01,George Carter,1968,1976,F-G,6-4,210,"January 10, 1944","St. Bonaventure University"
carteho01,Howard Carter,1984,1985,G,6-5,215,"October 26, 1961","Louisiana State University"
carteja01,Jake Carter,1950,1950,F-C,6-4,195,"July 25, 1924","East Texas State University"
cartema01,Maurice Carter,2004,2004,G,6-5,210,"October 12, 1976","Louisiana State University"
cartere01,Reggie Carter,1981,1982,G,6-3,175,"October 10, 1957","St. John's University"
cartero01,Ron Carter,1979,1980,G,6-5,190,"August 31, 1956","Virginia Military Institute"
cartevi01,Vince Carter,1999,2014,G-F,6-6,215,"January 26, 1977","University of North Carolina"
cartemi01,Michael Carter-Williams,2014,2014,G,6-6,185,"October 12, 1991","Syracuse University"
cartwbi01,Bill Cartwright,1980,1995,C,7-1,245,"July 30, 1957","University of San Francisco"
cartyja01,Jay Carty,1969,1969,F,6-8,220,"July 4, 1941","Oregon State University"
cashco01,Cornelius Cash,1977,1977,F,6-8,215,"March 3, 1952","Bowling Green State University"
cashsa01,Sam Cash,1973,1973,F,6-8,230,"November 13, 1950","University of California, Riverside"
cassesa01,Sam Cassell,1994,2008,G,6-3,185,"November 18, 1969","Florida State University"
casspom01,Omri Casspi,2010,2014,F,6-9,225,"June 22, 1988",""
catchha01,Harvey Catchings,1975,1985,C-F,6-9,218,"September 2, 1951","Hardin-Simmons University"
catlete01,Terry Catledge,1986,1993,F,6-8,220,"August 22, 1963","University of South Alabama"
catlesi01,Sid Catlett,1972,1972,F,6-6,230,"April 18, 1948","University of Notre Dame"
catoke01,Kelvin Cato,1998,2007,C,6-11,255,"August 26, 1974","Iowa State University"
cattabo01,Bobby Cattage,1982,1986,F,6-9,250,"August 17, 1958","Auburn University"
causwdu01,Duane Causwell,1991,2001,C,7-0,240,"May 31, 1968","Temple University"
cavenro01,Ron Cavenall,1985,1989,C,7-1,230,"April 30, 1959","Texas Southern University"
cebalce01,Cedric Ceballos,1991,2001,F,6-6,190,"August 2, 1969","California State University, Fullerton"
celesjo01,John Celestand,2000,2000,G,6-4,178,"March 6, 1977","Villanova University"
cervial01,Al Cervi,1950,1953,G-F,5-11,170,"February 12, 1917",""
chalmli01,Lionel Chalmers,2005,2005,G,6-0,180,"November 10, 1980","Xavier University"
chalmma01,Mario Chalmers,2009,2014,G,6-1,190,"May 19, 1986","University of Kansas"
chambbi01,Bill Chamberlain,1973,1974,F,6-6,188,"December 16, 1949","University of North Carolina"
chambwi01,Wilt Chamberlain,1960,1973,C,7-1,275,"August 21, 1936","University of Kansas"
chambje01,Jerry Chambers,1967,1974,F,6-5,185,"July 18, 1943","University of Utah"
chambto01,Tom Chambers,1982,1998,F-C,6-10,220,"June 21, 1959","University of Utah"
champmi01,Mike Champion,1989,1989,F,6-10,230,"April 5, 1964","Gonzaga University"
chandty01,Tyson Chandler,2002,2014,C,7-1,235,"October 2, 1982",""
chandwi01,Wilson Chandler,2008,2014,F,6-8,220,"May 10, 1987","DePaul University"
chanedo01,Don Chaney,1969,1980,G,6-5,210,"March 22, 1946","University of Houston"
chanejo01,John Chaney,1950,1950,F-C,6-3,185,"February 29, 1920","Louisiana State University"
chapmre01,Rex Chapman,1989,2000,G,6-4,185,"October 5, 1967","University of Kentucky"
chapmwa01,Wayne Chapman,1969,1972,G-F,6-6,190,"June 15, 1945","Western Kentucky University"
chapple01,Len Chappell,1963,1972,F-C,6-8,240,"January 31, 1941","Wake Forest University"
charlke01,Ken Charles,1974,1978,G,6-3,180,"July 10, 1951","Fordham University"
charllo01,Lorenzo Charles,1986,1986,F,6-7,225,"November 25, 1963","North Carolina State University"
cheanca01,Calbert Cheaney,1994,2006,G-F,6-7,209,"July 17, 1971","Indiana University"
cheekma01,Maurice Cheeks,1979,1993,G,6-1,180,"September 8, 1956","West Texas A&amp;M University"
cheniph01,Phil Chenier,1972,1981,G,6-3,180,"October 30, 1950","University of California"
chievde01,Derrick Chievous,1989,1991,F,6-7,195,"July 3, 1967","University of Missouri"
chilcpe01,Pete Chilcutt,1992,2000,F-C,6-10,230,"September 14, 1968","University of North Carolina"
childjo01,Josh Childress,2005,2014,G-F,6-8,210,"June 20, 1983","Stanford University"
childra01,Randolph Childress,1996,1997,G,6-2,188,"September 21, 1972","Wake Forest University"
childch01,Chris Childs,1995,2003,G,6-3,195,"November 20, 1967","Boise State University"
chollle01,Leroy Chollet,1950,1951,F,6-2,190,"March 5, 1925","Canisius College"
choneji01,Jim Chones,1973,1982,C-F,6-11,220,"November 30, 1949","Marquette University"
chrisfr01,Fred Christ,1955,1955,G,6-4,210,"August 6, 1930","Fordham University"
chrisca01,Cal Christensen,1951,1955,F-C,6-5,210,"July 8, 1927","University of Toledo"
chrisbo01,Bob Christian,1970,1974,C,6-10,255,"May 11, 1946","Grambling State University"
chrisdo01,Doug Christie,1993,2007,G-F,6-6,200,"May 9, 1970","Pepperdine University"
chrisdi01,Dionte Christmas,2014,2014,G,6-5,205,"September 15, 1986",""
chubist01,Stephen Chubin,1968,1970,G,6-2,200,"February 8, 1944","University of Rhode Island"
churcro01,Robert Churchwell,1996,1996,G-F,6-6,195,"February 20, 1972","Georgetown University"
clarkar01,Archie Clark,1967,1976,G,6-2,175,"July 15, 1941","University of Minnesota"
clarkca01,Carlos Clark,1984,1985,G,6-4,210,"August 10, 1960","University of Mississippi"
clarkea01,Earl Clark,2010,2014,F,6-10,225,"January 17, 1988","University of Louisville"
clarkia01,Ian Clark,2014,2014,G,6-3,175,"March 7, 1991",""
clarkke01,Keon Clark,1999,2004,F,6-11,220,"April 16, 1975","University of Nevada, Las Vegas"
clarkri01,Richard Clark,1968,1969,G,6-4,190,"January 5, 1944","Eastern Kentucky University"
clavevi01,Victor Claver,2013,2014,F,6-9,224,"August 30, 1988",""
clawsjo01,John Clawson,1969,1969,F,6-4,200,"May 15, 1944","University of Michigan"
claxtch01,Charles Claxton,1996,1996,C,7-0,265,"December 13, 1970","University of Georgia"
claxtsp01,Speedy Claxton,2002,2009,G,5-11,166,"May 8, 1978","Hofstra University"
cleamji01,Jim Cleamons,1972,1980,G,6-3,185,"September 13, 1949","Ohio State University"
cleavma01,Mateen Cleaves,2001,2006,G,6-2,205,"September 7, 1977","Michigan State University"
clemeba01,Barry Clemens,1966,1976,F,6-6,210,"May 1, 1943","Ohio Wesleyan University"
cliftna01,Nathaniel Clifton,1951,1958,C-F,6-6,220,"October 13, 1922","Xavier University of Louisiana"
clossbi01,Bill Closs,1950,1952,F-C,6-5,195,"January 8, 1922","Rice University"
closske01,Keith Closs,1998,2000,C,7-3,212,"April 3, 1976","Central Connecticut State University"
cloydpa01,Paul Cloyd,1950,1950,G-F,6-2,180,"June 13, 1920","University of Wisconsin"
cluggbo01,Bob Cluggish,1947,1947,C,6-10,235,"September 18, 1917","University of Kentucky"
clydebe01,Ben Clyde,1975,1975,F,6-7,198,"June 10, 1951","Florida State University"
cofferi01,Richard Coffey,1991,1991,F,6-6,212,"September 2, 1965","University of Minnesota"
cofiefr01,Fred Cofield,1986,1987,G,6-3,190,"January 4, 1962","Eastern Michigan University"
cokerjo01,John Coker,1996,2001,C,7-0,253,"October 28, 1971","Boise State University"
coleno01,Norris Cole,2012,2014,G,6-2,170,"October 13, 1988","Cleveland State University"
colembe01,Ben Coleman,1987,1994,F,6-9,235,"November 14, 1961","University of Maryland"
colemde01,Derrick Coleman,1991,2005,F,6-10,230,"June 21, 1967","Syracuse University"
colemec01,E.C. Coleman,1974,1979,F,6-8,225,"September 25, 1950","Houston Baptist University"
colemja01,Jack Coleman,1950,1958,F-C,6-7,195,"May 23, 1924","University of Louisville"
colemno01,Norris Coleman,1988,1988,F,6-8,210,"September 27, 1961","Kansas State University"
colesbi01,Bimbo Coles,1991,2004,G,6-1,180,"April 22, 1968","Virginia Polytechnic Institute and State University"
collija02,Jason Collier,2001,2005,C,7-0,260,"September 8, 1977","Georgia Institute of Technology"
colliar01,Art Collins,1981,1981,G,6-4,185,"April 14, 1954","St. Thomas University"
collido02,Don Collins,1981,1987,F-G,6-6,190,"November 28, 1958","Washington State University"
collido01,Doug Collins,1974,1981,G-F,6-6,180,"July 28, 1951","Illinois State University"
collija01,James Collins,1998,1998,G,6-4,196,"November 5, 1973","Florida State University"
collija03,Jarron Collins,2002,2011,F-C,6-11,255,"December 2, 1978","Stanford University"
collija04,Jason Collins,2002,2013,C,7-0,255,"December 2, 1978","Stanford University"
colliji01,Jimmy Collins,1971,1972,G,6-2,175,"November 24, 1946","New Mexico State University"
collima01,Mardy Collins,2007,2010,G,6-6,220,"August 4, 1984","Temple University"
collish01,Sherron Collins,2011,2011,G,5-11,205,"March 18, 1987","University of Kansas"
collida01,Darren Collison,2010,2014,G,6-0,160,"August 23, 1987","University of California, Los Angeles"
collini01,Nick Collison,2005,2014,F,6-9,255,"October 26, 1980","University of Kansas"
colonjo01,Joe Colone,1949,1949,F,6-5,210,"January 23, 1924","Bloomsburg University of Pennsylvania"
colsose01,Sean Colson,2001,2001,G,6-0,175,"July 1, 1975","University of North Carolina at Charlotte"
coltest01,Steve Colter,1985,1995,G,6-3,165,"July 24, 1962","New Mexico State University"
combsgl01,Glen Combs,1969,1975,G,6-2,185,"October 30, 1946","Virginia Polytechnic Institute and State University"
combsle01,Leroy Combs,1984,1984,F,6-8,210,"January 1, 1961","Oklahoma State University"
comeajo01,John Comeaux,1968,1968,F,6-5,193,"September 15, 1943","Grambling State University"
comegda01,Dallas Comegys,1988,1989,F,6-9,205,"August 17, 1964","DePaul University"
comlela01,Larry Comley,1964,1964,G,6-5,210,"August 17, 1939","Kansas State University"
congdje01,Jeffrey Congdon,1968,1972,G,6-1,180,"October 17, 1943","Brigham Young University"
conlege01,Gene Conley,1953,1964,C-F,6-8,225,"November 10, 1930","Washington State University"
conlela01,Larry Conley,1968,1968,G,6-3,175,"January 22, 1944","University of Kentucky"
conlemi01,Mike Conley,2008,2014,G,6-1,180,"October 11, 1987","Ohio State University"
conlied01,Ed Conlin,1956,1962,F-G,6-5,200,"September 2, 1933","Fordham University"
conloma01,Marty Conlon,1992,2000,F-C,6-10,224,"January 19, 1968","Providence College"
conneji01,Jimmy Conner,1976,1976,G,6-4,190,"March 20, 1953","University of Kentucky"
connele01,Lester Conner,1983,1995,G,6-4,180,"September 17, 1959","Oregon State University"
connoch01,Chuck Connors,1947,1948,F-C,6-5,190,"April 10, 1921","Seton Hall University"
conrowi01,Will Conroy,2007,2013,G,6-2,195,"December 8, 1982","University of Washington"
cookan01,Anthony Cook,1991,1996,F-C,6-9,205,"March 19, 1967","University of Arizona"
cookbe01,Bert Cook,1955,1955,G-F,6-3,185,"April 26, 1929","Utah State University"
cookbo01,Bobby Cook,1950,1950,G-F,5-10,155,"April 1, 1923","University of Wisconsin"
cookbr01,Brian Cook,2004,2012,F,6-9,234,"December 4, 1980","University of Illinois at Urbana-Champaign"
cookda02,Daequan Cook,2008,2013,G,6-5,205,"April 28, 1987","Ohio State University"
cookda01,Darwin Cook,1981,1989,G,6-3,184,"August 6, 1958","University of Portland"
cookje01,Jeff Cook,1980,1988,F-C,6-10,215,"October 21, 1956","Idaho State University"
cookno01,Norm Cook,1977,1978,F,6-8,210,"March 21, 1955","University of Kansas"
cookom01,Omar Cook,2004,2005,G,6-1,190,"January 28, 1982","St. John's University"
cookeda01,David Cooke,1986,1986,F,6-8,230,"September 27, 1963","Saint Mary's College of California"
cookejo01,Joe Cooke,1971,1971,G,6-3,175,"August 14, 1948","Indiana University"
coopech01,Chuck Cooper,1951,1956,F,6-5,210,"September 29, 1926","Duquesne University"
coopedu01,Duane Cooper,1993,1994,G,6-1,185,"June 25, 1969","University of Southern California"
coopejo01,Joe Cooper,1982,1985,C-F,6-10,230,"September 1, 1957","University of Colorado"
coopemi01,Michael Cooper,1979,1990,G-F,6-5,170,"April 15, 1956","University of New Mexico"
coopewa01,Wayne Cooper,1979,1992,C-F,6-10,220,"November 16, 1956","University of New Orleans"
copato01,Tom Copa,1992,1992,C,6-10,275,"October 30, 1964","Marquette University"
copelch01,Chris Copeland,2013,2014,F,6-9,235,"March 17, 1984","University of Colorado"
copelho01,Hollis Copeland,1980,1982,F,6-6,180,"December 20, 1955","Rutgers University"
copella01,Lanard Copeland,1990,1992,G,6-6,190,"July 16, 1965","Georgia State University"
corbity01,Tyrone Corbin,1986,2001,G-F,6-6,210,"December 31, 1962","DePaul University"
corchch01,Chris Corchiani,1992,1994,G,6-0,185,"March 28, 1968","North Carolina State University"
corleke01,Ken Corley,1947,1947,C,6-5,210,"","Oklahoma State Teachers College"
corlera01,Ray Corley,1950,1953,G,6-0,180,"January 1, 1928","Georgetown University"
corzida01,Dave Corzine,1979,1991,C,6-11,250,"April 25, 1956","DePaul University"
costela01,Larry Costello,1955,1968,G,6-1,186,"July 2, 1931","Niagara University"
cottoja01,Jack Cotton,1950,1950,F-C,6-7,200,"October 15, 1924","University of Wyoming"
cottoja02,James Cotton,1998,1999,G,6-5,220,"December 14, 1975","California State University, Long Beach"
coughjo01,John Coughran,1980,1980,F,6-7,225,"September 12, 1951","University of California"
countme01,Mel Counts,1965,1976,C-F,7-0,230,"October 16, 1941","Oregon State University"
courtst01,Steve Courtin,1965,1965,G,6-1,188,"September 21, 1942","Saint Joseph's University"
courtjo01,Joe Courtney,1993,1997,F,6-8,235,"October 17, 1969","University of Southern Mississippi"
cousima01,Marcus Cousin,2011,2011,C,6-11,245,"December 18, 1986","University of Houston"
couside01,DeMarcus Cousins,2011,2014,F,6-11,270,"August 13, 1990","University of Kentucky"
cousybo01,Bob Cousy,1951,1970,G,6-1,175,"August 9, 1928","College of the Holy Cross"
cowenda01,Dave Cowens,1971,1983,C-F,6-9,230,"October 25, 1948","Florida State University"
coxch01,Chubby Cox,1983,1983,G,6-2,180,"December 29, 1955","University of San Francisco"
coxjo01,Johnny Cox,1963,1963,G,6-4,180,"November 1, 1936","University of Kentucky"
coxwe01,Wesley Cox,1978,1979,F,6-6,215,"January 27, 1955","University of Louisville"
crabbal01,Allen Crabbe,2014,2014,G,6-6,210,"April 4, 1992",""
crawfch01,Chris Crawford,1998,2004,F,6-9,235,"May 13, 1975","Marquette University"
crawffr01,Freddie Crawford,1967,1971,G-F,6-4,189,"December 23, 1941","St. Bonaventure University"
crawfja01,Jamal Crawford,2001,2014,G,6-6,185,"March 20, 1980","University of Michigan"
crawfjo01,Joe Crawford,2009,2009,F,6-5,210,"June 17, 1986","University of Kentucky"
crawfjo02,Jordan Crawford,2011,2014,G,6-4,195,"October 23, 1988","Xavier University"
creigji01,Jim Creighton,1976,1976,F,6-8,200,"April 18, 1950","University of Colorado"
creviro01,Ron Crevier,1986,1986,C,7-0,235,"April 14, 1958","Boston College"
crislha01,Hal Crisler,1947,1947,F,6-3,215,"December 31, 1923","Iowa State University"
crispjo01,Joe Crispin,2002,2002,G,6-0,185,"July 18, 1979","Pennsylvania State University"
crissch01,Charlie Criss,1978,1985,G,5-8,165,"November 6, 1948","New Mexico State University"
critcru01,Russell Critchfield,1969,1969,G,5-10,150,"June 27, 1946","University of California"
critewi01,Winston Crite,1988,1989,F,6-7,233,"June 20, 1965","Texas A&amp;M University"
crittja01,Javaris Crittenton,2008,2009,G,6-5,200,"December 31, 1987","Georgia Institute of Technology"
crockdi01,Dillard Crocker,1949,1953,F-G,6-4,205,"January 19, 1925","Western Michigan University"
croftbo01,Bobby Croft,1971,1971,C,6-10,200,"August 10, 1947","University of Tennessee"
crompge01,Geoff Crompton,1979,1984,C,6-11,280,"July 4, 1955","University of North Carolina"
crosbte01,Terry Crosby,1980,1980,G,6-4,195,"January 4, 1957","University of Tennessee"
croshau01,Austin Croshere,1998,2009,F,6-9,235,"May 1, 1975","Providence College"
crossje01,Jeff Cross,1986,1986,F,6-10,240,"September 1, 1961","University of Maine"
crosspe01,Pete Cross,1971,1973,C-F,6-9,230,"March 28, 1948","University of San Francisco"
crossru01,Russell Cross,1984,1984,C,6-10,215,"September 5, 1961","Purdue University"
crossch01,Chink Crossin,1948,1950,G,6-1,165,"July 4, 1924","University of Pennsylvania"
crottjo01,John Crotty,1993,2003,G,6-1,185,"July 15, 1969","University of Virginia"
crowbi01,Bill Crow,1968,1968,G,6-1,180,"December 9, 1940","Westminster College of Utah"
crowma01,Mark Crow,1978,1978,F,6-7,210,"October 22, 1954","Duke University"
crowdco01,Corey Crowder,1992,1995,G-F,6-5,214,"April 13, 1969","Kentucky Wesleyan College"
crowdja01,Jae Crowder,2013,2014,F,6-7,240,"July 6, 1990","Marquette University"
cuetoal01,Al Cueto,1970,1971,C-F,6-7,230,"August 2, 1946","University of Tulsa"
cummipa01,Pat Cummings,1980,1991,F-C,6-9,230,"July 11, 1956","University of Cincinnati"
cummite01,Terry Cummings,1983,2000,F,6-9,220,"March 15, 1961","DePaul University"
cummivo01,Vonteego Cummings,2000,2002,G,6-3,185,"February 29, 1976","University of Pittsburgh"
cunnibi01,Billy Cunningham,1966,1976,F-C,6-6,210,"June 3, 1943","University of North Carolina"
cunnida01,Dante Cunningham,2010,2014,F,6-8,230,"April 22, 1987","Villanova University"
cunnidi01,Dick Cunningham,1969,1975,C,6-10,245,"July 11, 1946","Murray State University"
cunnija01,Jared Cunningham,2013,2014,G,6-4,194,"May 22, 1991","Oregon State University"
cunniwi01,William Cunningham,1998,1999,C,6-11,250,"March 25, 1974","Temple University"
curcira01,Radisav Curcic,1993,1993,C,6-10,275,"September 26, 1965",""
curear01,Armand Cure,1947,1947,F,6-0,198,"August 1, 1919","University of Rhode Island"
curetea01,Earl Cureton,1981,1997,F-C,6-9,210,"September 3, 1957","University of Detroit Mercy"
curlebi01,Bill Curley,1995,2001,F,6-9,220,"May 29, 1972","Boston College"
currafr01,Fran Curran,1949,1950,G,6-0,175,"September 19, 1925","University of Notre Dame"
curryde01,Dell Curry,1987,2002,G,6-4,190,"June 25, 1964","Virginia Polytechnic Institute and State University"
curryed01,Eddy Curry,2002,2013,C,7-0,295,"December 5, 1982",""
curryja01,JamesOn Curry,2010,2010,G,6-3,190,"January 7, 1986","Oklahoma State University"
currymi01,Michael Curry,1994,2005,F-G,6-5,210,"August 22, 1968","Georgia Southern University"
curryst01,Stephen Curry,2010,2014,G,6-3,185,"March 14, 1988","Davidson College"
cvetkra01,Rastko Cvetkovic,1996,1996,C,7-1,260,"June 22, 1970",""
