Player ID,Player,From,To,Pos,Ht,Wt,Birth Date,College
babbilu01,Luke Babbitt,2011,2013,F,6-9,225,"June 20, 1989","University of Nevada, Reno"
babicmi01,Milos Babic,1991,1992,C-F,7-0,240,"November 23, 1968","Tennessee Technological University"
bachjo01,Johnny Bach,1949,1949,F-G,6-2,180,"July 10, 1924","Fordham University"
baconhe01,Henry Bacon,1973,1973,G,6-3,205,"July 5, 1948","University of Louisville"
baechji01,Jim Baechtold,1953,1957,F-G,6-4,205,"December 9, 1927","Eastern Kentucky University"
bagarda01,Dalibor Bagaric,2001,2003,C,7-1,255,"February 7, 1980",""
baglejo01,John Bagley,1983,1994,G,6-0,185,"April 23, 1960","Boston College"
baileca01,Carl Bailey,1982,1982,C,7-0,210,"April 23, 1958","Tuskegee University"
bailegu01,Gus Bailey,1975,1980,G-F,6-5,185,"February 18, 1951","University of Texas at El Paso"
baileja01,James Bailey,1980,1988,F-C,6-9,220,"May 21, 1957","Rutgers University"
baileth01,Thurl Bailey,1984,1999,F-C,6-11,215,"April 7, 1961","North Carolina State University"
baileto01,Toby Bailey,1999,2000,G,6-6,213,"November 19, 1975","University of California, Los Angeles"
bakerji01,Jimmie Baker,1976,1976,F,6-9,220,"December 25, 1953","University of Hawaii"
bakerla01,LaMark Baker,1999,1999,G,6-1,175,"November 11, 1969","Ohio State University"
bakerma01,Maurice Baker,2005,2005,G,6-1,175,"July 28, 1979","Oklahoma State University"
bakerno01,Norm Baker,1947,1947,G,6-0,180,"February 17, 1923",""
bakervi01,Vin Baker,1994,2006,F,6-11,232,"November 23, 1971","University of Hartford"
balkmre01,Renaldo Balkman,2007,2012,F,6-8,208,"July 14, 1984","University of South Carolina"
ballce01,Cedric Ball,1991,1991,F,6-8,210,"April 16, 1968","University of North Carolina at Charlotte"
ballagr01,Greg Ballard,1978,1989,F,6-7,215,"January 29, 1955","University of Oregon"
baltihe01,Herschel Baltimore,1947,1947,F,6-4,195,"June 21, 1921","Pennsylvania State University"
banksge01,Gene Banks,1982,1987,F-G,6-7,215,"May 15, 1959","Duke University"
banksma01,Marcus Banks,2004,2011,G,6-2,200,"November 19, 1981","University of Nevada, Las Vegas"
bankswa01,Walker Banks,1971,1971,C,6-10,205,"August 26, 1947","Western Kentucky University"
bannike01,Ken Bannister,1985,1991,F-C,6-9,235,"April 1, 1960","Saint Augustine's College"
bantomi01,Mike Bantom,1974,1982,F-C,6-9,200,"December 3, 1951","Saint Joseph's University"
barbejo01,John Barber,1957,1957,F,6-6,210,"June 27, 1927","California State University, Los Angeles"
barbole01,Leandro Barbosa,2004,2013,G,6-3,176,"November 28, 1982",""
bardost01,Steve Bardo,1992,1996,G,6-5,190,"April 5, 1968","University of Illinois at Urbana-Champaign"
bareajo01,Jose Barea,2007,2014,G,6-0,175,"June 26, 1984","Northeastern University"
bargnan01,Andrea Bargnani,2007,2014,F,7-0,225,"October 26, 1985",""
barkecl01,Cliff Barker,1950,1952,G,6-2,185,"January 15, 1921","University of Kentucky"
barketo01,Tom Barker,1977,1979,C-F,6-11,225,"March 11, 1955","University of Hawaii"
barklch01,Charles Barkley,1985,2000,F,6-6,252,"February 20, 1963","Auburn University"
barkler01,Erick Barkley,2001,2002,G,6-1,177,"February 21, 1978","St. John's University"
barksdo01,Don Barksdale,1952,1955,F-C,6-6,200,"March 31, 1923","University of California, Los Angeles"
barneha02,Harrison Barnes,2013,2014,F,6-8,210,"May 30, 1992","University of North Carolina"
barneha01,Harry Barnes,1969,1969,F,6-3,205,"July 25, 1945","Northeastern University"
barneji01,Jim Barnes,1965,1971,C-F,6-8,210,"April 13, 1941","University of Texas at El Paso"
barnema01,Marvin Barnes,1975,1980,F-C,6-8,210,"July 27, 1952","Providence College"
barnema02,Matt Barnes,2004,2014,F,6-7,235,"March 9, 1980","University of California, Los Angeles"
barnedi01,Dick Barnett,1960,1974,G-F,6-4,190,"October 2, 1936","Tennessee State University"
barneji02,Jim Barnett,1967,1977,G-F,6-4,170,"July 7, 1944","University of Oregon"
barnena01,Nathaniel Barnett,1976,1976,G,6-3,175,"January 29, 1953","University of Akron"
barnhjo01,John Barnhill,1963,1972,G,6-1,180,"March 20, 1938","Tennessee State University"
barnhno01,Norton Barnhill,1977,1977,G,6-4,205,"July 15, 1953","Washington State University"
barnhle01,Leo Barnhorst,1950,1954,F-G,6-4,190,"May 11, 1924","University of Notre Dame"
barrjo01,John Barr,1947,1947,F,6-3,205,"August 8, 1918","Pennsylvania State University"
barrmi01,Mike Barr,1973,1977,G,6-3,180,"October 19, 1950","Duquesne University"
barrmo01,Moe Barr,1971,1971,G,6-4,195,"June 19, 1944","Duquesne University"
barrean01,Andre Barrett,2005,2008,G,5-10,172,"February 21, 1982","Seton Hall University"
barreer01,Ernie Barrett,1954,1956,G-F,6-3,180,"August 27, 1929","Kansas State University"
barremi01,Mike Barrett,1970,1973,G,6-2,155,"September 5, 1943","West Virginia University Institute of Technology"
barroea01,Earl Barron,2006,2013,C,7-0,245,"August 14, 1981","University of Memphis"
barroda01,Dana Barros,1990,2004,G,5-11,163,"April 13, 1967","Boston College"
barrybr01,Brent Barry,1996,2009,G,6-6,185,"December 31, 1971","Oregon State University"
barrydr01,Drew Barry,1998,2000,G,6-5,191,"February 17, 1973","Georgia Institute of Technology"
barryjo01,Jon Barry,1993,2006,G,6-4,195,"July 25, 1969","Georgia Institute of Technology"
barryri01,Rick Barry,1966,1980,F,6-7,205,"March 28, 1944","University of Miami"
barteed01,Ed Bartels,1950,1951,F,6-5,195,"October 8, 1925","North Carolina State University"
bartovi01,Vic Bartolome,1972,1972,C,7-0,230,"September 29, 1948","Oregon State University"
bartowi01,Will Barton,2013,2014,G,6-6,174,"January 6, 1991","University of Memphis"
basdeed01,Eddie Basden,2006,2006,G,6-5,215,"February 15, 1983","University of North Carolina at Charlotte"
baskeje01,Jerry Baskerville,1976,1976,F,6-7,190,"November 10, 1951","Temple University"
bassbr01,Brandon Bass,2006,2014,F,6-8,240,"April 30, 1985","Louisiana State University"
basseti01,Tim Bassett,1974,1980,F-C,6-8,225,"April 1, 1951","University of Georgia"
bastoma01,Maceo Baston,2003,2009,F,6-9,215,"May 29, 1975","University of Michigan"
bateeme01,Mengke Bateer,2002,2004,C,6-11,290,"November 20, 1975",""
batesbi01,Billy Ray Bates,1980,1983,G,6-4,210,"May 31, 1956","Kentucky State University"
batises01,Esteban Batista,2006,2007,F-C,6-10,270,"September 2, 1983",""
batismi01,Mike Batiste,2003,2003,F,6-8,225,"November 21, 1977","Arizona State University"
battito01,Tony Battie,1998,2012,C-F,6-11,230,"February 11, 1976","Texas Tech University"
battish01,Shane Battier,2002,2014,F,6-8,220,"September 9, 1978","Duke University"
battljo01,John Battle,1986,1995,G,6-2,175,"November 9, 1962","Rutgers University"
battlke01,Kenny Battle,1990,1993,F,6-6,210,"October 10, 1964","University of Illinois at Urbana-Champaign"
battoda01,Dave Batton,1983,1984,C,6-10,240,"March 26, 1956","University of Notre Dame"
battsll01,Lloyd Batts,1975,1975,G-F,6-4,185,"May 9, 1951","University of Cincinnati"
batumni01,Nicolas Batum,2009,2014,F,6-8,200,"December 14, 1988",""
baumjo01,Johnny Baum,1970,1974,F,6-5,200,"June 17, 1946","Temple University"
baumhfr01,Frankie Baumholtz,1947,1947,G,5-10,170,"October 7, 1918","Ohio University"
baxtelo01,Lonny Baxter,2003,2006,F,6-8,260,"January 27, 1979","University of Maryland"
bayleje01,Jerryd Bayless,2009,2014,G,6-3,200,"August 20, 1988","University of Arizona"
bayloel01,Elgin Baylor,1959,1972,F,6-5,225,"September 16, 1934","Seattle University"
bayneho01,Howard Bayne,1968,1968,F,6-6,235,"July 28, 1942","University of Tennessee"
baynear01,Aron Baynes,2013,2014,C,6-10,260,"December 9, 1986","Washington State University"
bazarse01,Sergei Bazarevich,1995,1995,G,6-2,168,"March 16, 1965",""
bazemke01,Kent Bazemore,2013,2014,G,6-5,201,"July 1, 1989","Old Dominion University"
beached01,Ed Beach,1951,1951,F,6-3,200,"January 25, 1929","West Virginia University"
bealbr01,Bradley Beal,2013,2014,G,6-3,207,"June 28, 1993","University of Florida"
beardal01,Al Beard,1968,1968,C,6-9,200,"April 27, 1942","Norfolk State University"
beardbu01,Butch Beard,1970,1979,G,6-3,185,"May 4, 1947","University of Louisville"
beardra01,Ralph Beard,1950,1951,G,5-10,175,"December 2, 1927","University of Kentucky"
beaslch01,Charles Beasley,1968,1971,G-F,6-5,190,"September 23, 1945","Southern Methodist University"
beaslje01,Jerome Beasley,2004,2004,F,6-10,237,"May 17, 1980","University of North Dakota"
beasljo01,John Beasley,1968,1974,F-C,6-9,225,"February 5, 1944","Texas A&amp;M University"
beaslmi01,Michael Beasley,2009,2014,F,6-9,235,"January 9, 1989","Kansas State University"
beatyze01,Zelmo Beaty,1963,1975,C,6-9,225,"October 25, 1939","Prairie View A&amp;M University"
beaubro01,Rodrigue Beaubois,2010,2013,G,6-0,170,"February 24, 1988",""
beckby01,Byron Beck,1968,1977,C-F,6-9,225,"January 25, 1945","University of Denver"
beckco01,Corey Beck,1996,1999,G,6-1,190,"May 27, 1971","University of Arkansas"
becker01,Ernie Beck,1954,1961,G-F,6-4,190,"December 11, 1931","University of Pennsylvania"
beckear01,Arthur Becker,1968,1973,F,6-7,205,"January 12, 1942","Arizona State University"
beckemo01,Moe Becker,1947,1947,G-F,6-1,185,"February 24, 1917","Duquesne University"
bedelbo01,Bob Bedell,1968,1971,F,6-7,205,"June 26, 1944","Stanford University"
bedfowi01,William Bedford,1987,1993,C,7-0,225,"December 14, 1963","University of Memphis"
beendha01,Hank Beenders,1947,1949,C-F,6-6,185,"June 2, 1916","Long Island University"
behagro01,Ron Behagen,1974,1980,F-C,6-9,185,"January 14, 1951","University of Minnesota"
behnkel01,Elmer Behnke,1952,1952,C,6-7,210,"February 3, 1929","Bradley University"
belinma01,Marco Belinelli,2008,2014,G,6-5,192,"March 25, 1986",""
bellch01,Charlie Bell,2002,2011,G,6-3,200,"March 12, 1979","Michigan State University"
bellde01,Dennis Bell,1974,1976,F,6-5,185,"June 2, 1951","Drake University"
bellra01,Raja Bell,2001,2012,G,6-5,204,"September 19, 1976","Florida International University"
belltr01,Troy Bell,2004,2004,G,6-1,180,"November 10, 1980","Boston College"
bellwh01,Whitey Bell,1960,1961,G,6-0,180,"September 13, 1932","North Carolina State University"
bellawa01,Walt Bellamy,1962,1975,C,6-11,225,"July 24, 1939","Indiana University"
bemorir01,Irv Bemoras,1954,1957,F-G,6-3,185,"November 18, 1930","University of Illinois at Urbana-Champaign"
benbole01,Leon Benbow,1975,1976,G,6-4,185,"July 23, 1950","Jacksonville University"
bendejo01,Jonathan Bender,2000,2010,F,6-11,202,"January 30, 1981",""
benjabe01,Benoit Benjamin,1986,2000,C,7-0,250,"November 22, 1964","Creighton University"
benjaco01,Corey Benjamin,1999,2003,G,6-6,200,"February 24, 1978","Oregon State University"
bennean01,Anthony Bennett,2014,2014,F,6-8,240,"March 14, 1993","University of Nevada, Las Vegas"
benneel01,Elmer Bennett,1995,1997,G,6-0,170,"February 13, 1970","University of Notre Dame"
bennema01,Mario Bennett,1996,2000,F,6-6,235,"August 1, 1973","Arizona State University"
benneme01,Mel Bennett,1976,1982,F,6-7,200,"January 4, 1955","University of Pittsburgh"
bennesp01,Spider Bennett,1969,1969,G,6-3,190,"August 4, 1943","Winston-Salem State University"
benneto01,Tony Bennett,1993,1995,G,6-0,175,"June 1, 1969","University of Wisconsin-Green Bay"
bennewi01,Winston Bennett,1990,1992,F,6-7,210,"February 9, 1965","University of Kentucky"
benoida01,David Benoit,1992,2001,F,6-8,220,"May 9, 1968","University of Alabama"
bensoke02,Keith Benson,2012,2012,C,6-11,230,"August 13, 1988","Oakland University"
bensoke01,Kent Benson,1978,1988,C,6-10,235,"December 27, 1954","Indiana University"
bercege01,Gene Berce,1950,1950,G-F,5-11,175,"November 22, 1926","Marquette University"
bergega01,Gary Bergen,1957,1957,C,6-8,210,"July 16, 1932","University of Utah"
berghla01,Larry Bergh,1970,1970,F,6-8,210,"April 2, 1945","Weber State University"
berryri01,Ricky Berry,1989,1989,F,6-8,205,"October 6, 1964","San Jose State University"
berrywa01,Walter Berry,1987,1989,F,6-8,215,"May 14, 1964","St. John's University"
beshode01,Del Beshore,1979,1980,G,5-11,165,"November 29, 1956","California University of Pennslyvania"
besttr01,Travis Best,1996,2005,G,5-11,182,"July 12, 1972","Georgia Institute of Technology"
beverpa01,Patrick Beverley,2013,2014,G,6-1,180,"July 12, 1988","University of Arkansas"
bialowe01,Wesley Bialosuknia,1968,1968,G,6-2,185,"June 8, 1945","University of Connecticut"
biancal01,Al Bianchi,1957,1966,G,6-3,185,"March 26, 1932","Bowling Green State University"
biasaha01,Hank Biasatti,1947,1947,G,5-11,175,"January 14, 1922","Long Island University"
bibbyhe01,Henry Bibby,1973,1981,G,6-1,185,"November 24, 1949","University of California, Los Angeles"
bibbymi01,Mike Bibby,1999,2012,G,6-1,190,"May 13, 1978","University of Arizona"
biedeed01,Ed Biedenbach,1969,1969,G,6-1,175,"August 12, 1945","North Carolina State University"
biedran01,Andris Biedrins,2005,2014,C,6-11,240,"April 2, 1986",""
bielkdo01,Don Bielke,1956,1956,C,6-7,240,"","Valparaiso University"
bigelbo01,Bob Bigelow,1976,1979,F-G,6-7,215,"December 26, 1953","University of Pennsylvania"
billili01,Lionel Billingy,1975,1975,F-C,6-9,215,"August 31, 1952","Duquesne University"
billuch01,Chauncey Billups,1998,2014,G,6-3,202,"September 25, 1976","University of Colorado"
bingda01,Dave Bing,1967,1978,G,6-3,180,"November 24, 1943","Syracuse University"
biniojo01,Joe Binion,1987,1987,F,6-8,235,"March 26, 1961","North Carolina Agricultural and Technical State University"
birdje01,Jerry Bird,1959,1959,F,6-6,210,"February 2, 1935","University of Kentucky"
birdla01,Larry Bird,1980,1992,F,6-9,220,"December 7, 1956","Indiana State University"
birdsot01,Otis Birdsong,1978,1989,G,6-3,190,"December 9, 1955","University of Houston"
bishoga01,Gale Bishop,1949,1949,F,6-3,195,"June 4, 1922","Washington State University"
biyombi01,Bismack Biyombo,2012,2014,F,6-9,229,"August 28, 1992",""
blabuw01,Uwe Blab,1986,1990,C,7-1,252,"March 26, 1962","Indiana University"
blackch01,Charlie Black,1949,1952,F-C,6-5,200,"June 15, 1921","University of Kansas"
blackno01,Norman Black,1981,1981,G,6-5,185,"November 12, 1957","Saint Joseph's University"
blackto01,Tom Black,1971,1971,C,6-10,220,"July 9, 1941","South Dakota State University"
blackro01,Rolando Blackman,1982,1994,G,6-6,190,"February 26, 1959","Kansas State University"
blackal01,Alex Blackwell,1993,1993,F,6-6,250,"June 27, 1970","Monmouth University"
blackco01,Cory Blackwell,1985,1985,F,6-6,210,"March 27, 1963","University of Wisconsin"
blackja01,James Blackwell,1995,1995,G,6-0,190,"February 25, 1968","Dartmouth College"
blackna01,Nate Blackwell,1988,1988,G,6-4,170,"February 15, 1965","Temple University"
blairde01,DeJuan Blair,2010,2014,F,6-7,265,"April 22, 1989","University of Pittsburgh"
blakest01,Steve Blake,2004,2014,G,6-3,172,"February 26, 1980","University of Maryland"
blalowi01,Will Blalock,2007,2007,G,6-0,205,"September 8, 1983","Iowa State University"
blanege01,George Blaney,1962,1962,G,6-1,175,"November 12, 1939","College of the Holy Cross"
blankla01,Lance Blanks,1991,1993,G,6-4,190,"September 9, 1966","University of Texas at Austin"
blantri01,Ricky Blanton,1993,1993,F,6-7,215,"April 21, 1966","Louisiana State University"
blatcan01,Andray Blatche,2006,2014,F,6-11,235,"August 22, 1986",""
blaylmo01,Mookie Blaylock,1990,2002,G,6-0,180,"March 20, 1967","University of Oklahoma"
bledser01,Eric Bledsoe,2011,2014,G,6-1,190,"December 9, 1989","University of Kentucky"
blevile01,Leon Blevins,1951,1951,G,6-2,160,"June 25, 1926","University of Arizona"
blockjo01,John Block,1967,1976,F-C,6-9,207,"April 16, 1944","University of Southern California"
bloommi01,Mike Bloom,1948,1949,F-C,6-6,190,"January 14, 1915","Temple University"
blounco01,Corie Blount,1994,2004,F,6-9,240,"January 4, 1969","University of Cincinnati"
blounma01,Mark Blount,2001,2009,C,7-0,230,"November 30, 1975","University of Pittsburgh"
blumera01,Ray Blume,1982,1982,G,6-4,185,"September 23, 1958","Oregon State University"
bobbne01,Nelson Bobb,1950,1953,G,6-0,170,"February 25, 1924","Temple University"
bobbito01,Tony Bobbitt,2005,2005,G,6-4,190,"October 22, 1979","University of Cincinnati"
bockhbu01,Bucky Bockhorn,1959,1965,G,6-4,200,"July 8, 1933","University of Dayton"
boerwto01,Tom Boerwinkle,1969,1978,C,7-0,265,"August 23, 1945","University of Tennessee"
boganke01,Keith Bogans,2004,2014,G-F,6-5,215,"May 12, 1980","University of Kentucky"
boguemu01,Muggsy Bogues,1988,2001,G,5-3,136,"January 9, 1965","Wake Forest University"
bogutan01,Andrew Bogut,2006,2014,C,7-0,245,"November 28, 1984","University of Utah"
bohanet01,Etdrick Bohannon,1998,2001,F,6-9,220,"May 29, 1973","Auburn University at Montgomery"
bolma01,Manute Bol,1986,1995,C,7-7,200,"October 16, 1962","University of Bridgeport"
bolgebi01,Bill Bolger,1954,1954,F,6-5,205,"August 21, 1931","Georgetown University"
bolstdo01,Doug Bolstorff,1958,1958,G,6-4,195,"October 29, 1931","University of Minnesota"
bonsage01,George Bon Salle,1962,1962,F,6-8,220,"July 1, 1935","University of Illinois at Urbana-Champaign"
bondph01,Phil Bond,1978,1978,G,6-2,175,"July 27, 1954","University of Louisville"
bondwa01,Walter Bond,1993,1995,G,6-5,200,"February 1, 1969","University of Minnesota"
boneyde01,Dexter Boney,1997,1997,G,6-4,185,"April 27, 1970","University of Nevada, Las Vegas"
bonharo01,Ron Bonham,1965,1968,F,6-5,192,"May 31, 1942","University of Cincinnati"
bonnean01,Anthony Bonner,1991,1996,F,6-8,215,"June 8, 1968","Saint Louis University"
bonnema01,Matt Bonner,2005,2014,F,6-10,240,"April 5, 1980","University of Florida"
bookebu01,Butch Booker,1970,1970,C,6-10,230,"July 20, 1945","Cheyney University of Pennsylvania"
bookeme01,Melvin Booker,1996,1997,G,6-1,185,"August 20, 1972","University of Missouri"
booketr01,Trevor Booker,2011,2014,F,6-7,240,"November 25, 1987","Clemson University"
boonejo01,Josh Boone,2007,2010,F-C,6-10,237,"November 21, 1984","University of Connecticut"
boonero01,Ron Boone,1969,1981,G-F,6-2,200,"September 6, 1946","Idaho State University"
boothca01,Calvin Booth,2000,2009,C,6-11,230,"May 7, 1976","Pennsylvania State University"
boothke01,Keith Booth,1998,1999,F,6-6,226,"October 9, 1974","University of Maryland"
boozebo01,Bob Boozer,1961,1971,F,6-8,215,"April 26, 1937","Kansas State University"
boozeca01,Carlos Boozer,2003,2014,F-C,6-9,258,"November 20, 1981","Duke University"
borchcu01,Curtis Borchardt,2004,2005,C,7-0,240,"September 13, 1980","Stanford University"
bornhja01,Jake Bornheimer,1949,1950,F-C,6-5,200,"June 29, 1927","Muhlenberg College"
borrela01,Lazaro Borrell,2000,2000,F,6-8,220,"September 20, 1972",""
borsaik01,Ike Borsavage,1951,1951,C-F,6-8,220,"July 25, 1924","Temple University"
borylvi01,Vince Boryla,1950,1954,F,6-5,210,"March 11, 1927","University of Denver"
boshch01,Chris Bosh,2004,2014,F-C,6-10,228,"March 24, 1984","Georgia Institute of Technology"
bostiji01,Jim Bostic,1978,1978,F,6-7,225,"January 28, 1953","New Mexico State University"
bostola01,Lawrence Boston,1980,1980,F,6-8,225,"May 18, 1956","University of Maryland"
bosweto01,Tom Boswell,1976,1984,F-C,6-9,220,"October 2, 1953","University of South Carolina"
boumtru01,Ruben Boumtje-Boumtje,2002,2004,C,7-0,257,"May 20, 1978","Georgetown University"
bovendo01,Don Boven,1950,1953,F-G,6-4,210,"March 6, 1925","Western Michigan University"
bowdlca01,Cal Bowdler,2000,2002,F,6-10,245,"March 31, 1977","Old Dominion University"
bowenbr01,Bruce Bowen,1997,2009,F,6-7,185,"June 14, 1971","California State University, Fullerton"
bowenry01,Ryan Bowen,2000,2010,F,6-7,215,"November 20, 1975","University of Iowa"
bowento01,Tommie Bowens,1968,1970,F-C,6-8,220,"July 7, 1940","Grambling State University"
bowiean01,Anthony Bowie,1989,1998,G-F,6-6,190,"November 9, 1963","University of Oklahoma"
bowiesa01,Sam Bowie,1985,1995,C-F,7-1,235,"March 17, 1961","University of Kentucky"
bowlior01,Orbie Bowling,1968,1968,C,6-10,215,"March 21, 1939","University of Tennessee"
bowmair01,Ira Bowman,2000,2002,G,6-5,195,"June 11, 1973","University of Pennsylvania"
bowmana01,Nate Bowman,1967,1972,C,6-10,230,"March 19, 1943","Wichita State University"
boycedo01,Donnie Boyce,1996,1997,G,6-5,196,"September 2, 1973","University of Colorado"
boydde01,Dennis Boyd,1979,1979,G,6-1,175,"May 21, 1954","University of Detroit Mercy"
boydfr01,Freddie Boyd,1973,1978,G,6-2,180,"June 13, 1950","Oregon State University"
boydke01,Ken Boyd,1975,1975,F,6-5,195,"March 25, 1952","Boston University"
boykiea01,Earl Boykins,1999,2012,G,5-5,135,"June 2, 1976","Eastern Michigan University"
boykoha01,Harry Boykoff,1950,1951,C,6-10,225,"July 24, 1922","St. John's University"
boynewi01,Winford Boynes,1979,1981,G-F,6-6,185,"May 17, 1957","University of San Francisco"
bozemce01,Cedric Bozeman,2007,2007,G,6-6,207,"March 7, 1983","University of California, Los Angeles"
bracest01,Steve Bracey,1973,1975,G,6-1,175,"August 1, 1950","University of Tulsa"
brackcr01,Craig Brackins,2011,2012,F,6-10,230,"October 9, 1987","Iowa State University"
braddga01,Gary Bradds,1965,1971,F,6-8,210,"July 26, 1942","Ohio State University"
bradlal02,Alex Bradley,1982,1982,F,6-6,215,"October 30, 1959","Villanova University"
bradlal01,Alonzo Bradley,1978,1980,F,6-6,190,"October 16, 1953","Texas Southern University"
bradlav01,Avery Bradley,2011,2014,G,6-2,180,"November 26, 1990","University of Texas at Austin"
bradlbi02,Bill Bradley,1968,1968,G,5-11,165,"June 16, 1941",""
bradlbi01,Bill Bradley,1968,1977,F-G,6-5,205,"July 28, 1943","Princeton University"
bradlch01,Charles Bradley,1982,1984,G,6-5,215,"May 16, 1959","University of Wyoming"
bradldu01,Dudley Bradley,1980,1989,G-F,6-6,195,"March 19, 1957","University of North Carolina"
bradlji01,Jim Bradley,1974,1976,F,6-8,215,"March 16, 1952","Northern Illinois University"
bradljo01,Joe Bradley,1950,1950,G,6-3,175,"September 24, 1928","Oklahoma State University"
bradlmi01,Michael Bradley,2002,2006,F,6-10,245,"April 18, 1979","Villanova University"
bradlsh01,Shawn Bradley,1994,2005,C,7-6,235,"March 22, 1972","Brigham Young University"
bradtma01,Mark Bradtke,1997,1997,C-F,6-10,265,"September 27, 1968",""
braggma01,Marques Bragg,1996,1996,F,6-8,230,"March 24, 1970","Providence College"
braggto01,Torraye Braggs,2004,2005,F,6-8,245,"May 15, 1976","Xavier University"
bramlaj01,A.J. Bramlett,2000,2000,C,6-10,227,"January 10, 1977","University of Arizona"
brancad01,Adrian Branch,1987,1990,F-G,6-7,185,"November 17, 1963","University of Maryland"
brandel01,Elton Brand,2000,2014,F,6-8,275,"March 11, 1979","Duke University"
brandte01,Terrell Brandon,1992,2002,G,5-11,180,"May 20, 1970","University of Oregon"
brannbo01,Bob Brannum,1950,1955,F-C,6-5,215,"May 28, 1925","Michigan State University"
bransbr01,Brad Branson,1982,1983,C-F,6-10,220,"September 24, 1958","Southern Methodist University"
bransje01,Jesse Branson,1966,1968,F,6-7,195,"January 7, 1942","Elon University"
brascji01,Jim Brasco,1953,1953,G,6-1,170,"February 3, 1931","New York University"
bratzmi01,Mike Bratz,1978,1986,G,6-2,185,"October 17, 1955","Stanford University"
braunca01,Carl Braun,1948,1962,G-F,6-5,180,"September 25, 1927","Colgate University"
breauti01,Tim Breaux,1995,1998,F,6-7,215,"September 19, 1970","University of Wyoming"
bremejr01,J.R. Bremer,2003,2004,G,6-2,185,"September 19, 1980","St. Bonaventure University"
brennpe01,Pete Brennan,1959,1959,F,6-6,205,"September 23, 1936","University of North Carolina"
brennto01,Tom Brennan,1955,1955,F,6-3,195,"August 6, 1930","Villanova University"
breuera01,Randy Breuer,1984,1994,C,7-3,230,"October 11, 1960","University of Minnesota"
breweco01,Corey Brewer,2008,2014,F,6-9,185,"March 5, 1986","University of Florida"
breweja01,Jamison Brewer,2002,2005,G,6-4,184,"November 19, 1980","Auburn University"
breweji01,Jim Brewer,1974,1982,F-C,6-9,210,"December 3, 1951","University of Minnesota"
brewero01,Ron Brewer,1979,1986,G,6-4,180,"September 16, 1955","University of Arkansas"
brewero02,Ronnie Brewer,2007,2014,G-F,6-7,220,"March 20, 1985","University of Arkansas"
brezepr01,Primoz Brezec,2002,2010,C,7-2,252,"October 2, 1979",""
brianfr01,Frankie Brian,1950,1956,G,6-1,180,"May 1, 1923","Louisiana State University"
brickfr01,Frank Brickowski,1985,1997,F-C,6-9,240,"August 14, 1959","Pennsylvania State University"
bridgju01,Junior Bridgeman,1976,1987,F-G,6-5,210,"September 17, 1953","University of Louisville"
bridgbi01,Bill Bridges,1963,1975,F-C,6-6,228,"April 4, 1939","University of Kansas"
brighal01,Al Brightman,1947,1947,F,6-2,195,"September 22, 1923","University of Charleston"
brindau01,Aud Brindley,1947,1947,F,6-4,175,"December 31, 1923","Dartmouth College"
briskjo01,John Brisker,1970,1975,F-G,6-5,210,"June 15, 1947","University of Toledo"
bristal01,Allan Bristow,1974,1983,F-G,6-7,210,"August 23, 1951","Virginia Polytechnic Institute and State University"
brittty01,Tyrone Britt,1968,1968,G,6-4,190,"April 18, 1944","Johnson C. Smith University"
brittwa01,Wayman Britt,1978,1978,G,6-2,185,"August 31, 1952","University of Michigan"
brittmi01,Mike Brittain,1986,1987,C,7-0,235,"June 21, 1963","University of South Carolina"
brittda01,Dave Britton,1981,1981,G,6-4,180,"August 29, 1958","Texas A&amp;M University"
brockjo01,Jon Brockman,2010,2012,F,6-7,255,"March 20, 1987","University of Washington"
brogaji01,Jim Brogan,1982,1983,G,6-4,185,"February 24, 1958","West Virginia Wesleyan College"
brokaga01,Gary Brokaw,1975,1978,G,6-4,178,"January 11, 1954","University of Notre Dame"
brookpr01,Price Brookfield,1949,1950,F-G,6-4,185,"May 11, 1920","West Texas A&amp;M University"
brookcl01,Clarence Brookins,1971,1971,F,6-4,190,"","Temple University"
brookaa01,Aaron Brooks,2008,2014,G,6-0,161,"January 14, 1985","University of Oregon"
brookke01,Kevin Brooks,1992,1994,F,6-6,200,"October 12, 1969","University of Louisiana at Lafayette"
brookma01,MarShon Brooks,2012,2014,G-F,6-5,200,"January 26, 1989","Providence College"
brookmi01,Michael Brooks,1981,1988,F,6-7,220,"August 17, 1958","La Salle University"
brooksc01,Scott Brooks,1989,1998,G,5-11,165,"July 31, 1965","University of California, Irvine"
brownan01,Andre Brown,2007,2009,F,6-9,245,"May 12, 1981","DePaul University"
brownbo01,Bob Brown,1949,1950,F,6-4,205,"November 12, 1923","Miami University"
brownbo02,Bobby Brown,2009,2010,G,6-2,175,"September 24, 1984","California State University, Fullerton"
brownch01,Chucky Brown,1990,2002,F,6-7,214,"February 29, 1968","North Carolina State University"
brownda02,Damone Brown,2002,2005,F,6-9,200,"June 28, 1979","Syracuse University"
brownda01,Darrell Brown,1949,1949,F,6-2,175,"March 14, 1923","Humboldt State University"
brownde01,Dee Brown,1991,2002,G,6-1,160,"November 29, 1968","Jacksonville University"
brownde03,Dee Brown,2007,2009,G,6-0,185,"August 17, 1984","University of Illinois at Urbana-Champaign"
brownde04,Derrick Brown,2010,2012,F,6-7,225,"September 8, 1987","Xavier University"
brownde02,Devin Brown,2003,2010,G,6-5,220,"December 30, 1978","University of Texas at San Antonio"
browner01,Ernest Brown,2002,2002,C,7-0,244,"May 17, 1979","Indian Hills Community College"
brownfr01,Fred Brown,1972,1984,G,6-3,182,"August 7, 1948","University of Iowa"
brownge01,George Brown,1958,1958,F,6-6,190,"October 30, 1935","Wayne State University"
brownge02,Gerald Brown,1999,1999,G,6-4,210,"July 28, 1975","Pepperdine University"
brownha01,Harold Brown,1947,1947,G,6-0,155,"October 2, 1923","University of Evansville"
brownjo01,John Brown,1974,1980,F,6-7,220,"December 14, 1951","University of Missouri"
brownke01,Kedrick Brown,2002,2005,G,6-7,222,"March 18, 1981","Okaloosa-Walton Community College"
brownkw01,Kwame Brown,2002,2013,F,6-11,270,"March 10, 1982",""
brownla01,Larry Brown,1968,1972,G,5-9,160,"September 14, 1940","University of North Carolina"
brownle01,Leon Brown,1947,1947,F,6-3,190,"October 12, 1919","University of Wyoming"
brownle02,Lewis Brown,1981,1981,C,6-11,225,"February 19, 1955","University of Nevada, Las Vegas"
brownlo01,Lorenzo Brown,2014,2014,G,6-5,189,"August 26, 1990",""
brownma01,Marcus Brown,1997,2000,G,6-3,185,"April 3, 1974","Murray State University"
brownmi01,Mike Brown,1987,1997,C-F,6-9,257,"July 19, 1963","George Washington University"
brownmy01,Myron Brown,1992,1992,G,6-3,180,"November 3, 1969","Slippery Rock University of Pennsylvania"
brownpj01,P.J. Brown,1994,2008,F-C,6-11,225,"October 14, 1969","Louisiana Tech University"
brownra02,Randy Brown,1992,2003,G,6-2,190,"May 22, 1968","New Mexico State University"
brownra01,Raymond Brown,1990,1990,F,6-8,220,"July 5, 1965","University of Idaho"
brownri01,Rickey Brown,1981,1985,C-F,6-10,215,"August 20, 1958","Mississippi State University"
brownro01,Roger Brown,1968,1975,F-G,6-5,205,"May 22, 1942","University of Dayton"
brownro02,Roger Brown,1973,1980,C,6-11,225,"February 23, 1950","University of Kansas"
brownsh01,Shannon Brown,2007,2013,G,6-4,205,"November 29, 1985","Michigan State University"
brownst01,Stan Brown,1948,1952,F,6-3,200,"June 27, 1929",""
brownti01,Tierre Brown,2002,2005,G,6-2,189,"June 3, 1979","McNeese State University"
brownto01,Tony Brown,1985,1992,F-G,6-6,185,"July 29, 1960","University of Arkansas"
brownji01,Jim Browne,1949,1950,C,6-10,235,"January 1, 1930",""
brundst01,Stanley Brundy,1990,1990,F,6-6,210,"November 13, 1967","DePaul University"
brunkbr01,Brian Brunkhorst,1969,1969,F,6-6,208,"June 12, 1945","Marquette University"
brunsge01,George Bruns,1973,1973,G,6-0,160,"August 30, 1946","Manhattan College"
brunsri01,Rick Brunson,1998,2006,G,6-4,190,"June 14, 1972","Temple University"
bryanem01,Em Bryant,1965,1972,G,6-1,175,"November 4, 1938","DePaul University"
bryanjo01,Joe Bryant,1976,1983,F-C,6-9,185,"October 19, 1954","La Salle University"
bryanko01,Kobe Bryant,1997,2014,G,6-6,200,"August 23, 1978",""
bryanma01,Mark Bryant,1989,2003,F-C,6-9,245,"April 25, 1965","Seton Hall University"
bryanwa01,Wallace Bryant,1984,1986,C,7-0,245,"July 14, 1959","University of San Francisco"
brynto01,Torgeir Bryn,1990,1990,C,6-9,250,"August 8, 1964","Texas State University"
buccige01,George Bucci,1976,1976,G,6-3,200,"July 9, 1953","Manhattan College"
buckhjo01,Joe Buckhalter,1962,1963,F,6-7,210,"August 1, 1937","Tennessee State University"
bucknst01,Steve Bucknall,1990,1990,G,6-6,215,"March 17, 1966","University of North Carolina"
buckncl01,Cleveland Buckner,1962,1963,F-C,6-9,210,"August 17, 1938","Jackson State University"
buckngr01,Greg Buckner,2000,2009,G,6-4,210,"September 16, 1976","Clemson University"
bucknqu01,Quinn Buckner,1977,1986,G,6-3,190,"August 20, 1954","Indiana University"
buddda01,Dave Budd,1961,1965,F,6-6,205,"October 28, 1938","Wake Forest University"
budinch01,Chase Budinger,2010,2013,F,6-7,218,"May 22, 1988","University of Arizona"
budkowa01,Walt Budko,1949,1952,F-C,6-5,220,"July 30, 1925","Columbia University"
buechju01,Jud Buechler,1991,2002,F-G,6-6,220,"June 19, 1968","University of Arizona"
buforro01,Rodney Buford,2000,2005,G-F,6-5,189,"November 2, 1977","Creighton University"
bullama01,Matt Bullard,1991,2002,F,6-10,215,"June 5, 1967","University of Iowa"
bullore01,Reggie Bullock,2014,2014,G,6-7,205,"March 16, 1991","University of North Carolina"
buncela01,Larry Bunce,1968,1969,C,7-0,240,"July 29, 1945","Utah State University"
bunchgr01,Greg Bunch,1979,1979,F,6-6,190,"May 15, 1956","California State University, Fullerton"
buntdi01,Dick Bunt,1953,1953,G,6-0,170,"July 13, 1930","New York University"
buntibi01,Bill Buntin,1966,1966,C-F,6-7,250,"May 5, 1942","University of Michigan"
buntibi02,Bill Bunting,1970,1972,F-C,6-8,200,"August 26, 1947","University of North Carolina"
burdeti01,Ticky Burden,1976,1978,G,6-2,185,"February 28, 1953","University of Utah"
burkepa01,Pat Burke,2003,2007,C-F,6-11,250,"December 14, 1973","Auburn University"
burketr01,Trey Burke,2014,2014,G,6-0,190,"November 12, 1992","University of Michigan"
burkmro01,Roger Burkman,1982,1982,G,6-5,175,"May 22, 1958","University of Louisville"
burksal01,Alec Burks,2012,2014,G,6-6,195,"July 20, 1991","University of Colorado"
burksan01,Antonio Burks,2005,2006,G,6-1,200,"February 25, 1980","University of Memphis"
burleke01,Kevin Burleson,2006,2006,G,6-3,205,"April 9, 1979","University of Minnesota"
burleto01,Tom Burleson,1975,1981,C,7-2,225,"February 24, 1952","North Carolina State University"
burmaja01,Jack Burmaster,1950,1950,G,6-3,190,"December 23, 1926","University of Illinois at Urbana-Champaign"
burnsda01,David Burns,1982,1982,G,6-2,180,"July 3, 1958","Saint Louis University"
burnsev01,Evers Burns,1994,1994,F,6-8,260,"August 24, 1971","University of Maryland"
burnsji01,Jim Burns,1968,1968,G,6-3,195,"September 21, 1945","Northwestern University"
burresc01,Scott Burrell,1994,2001,G-F,6-7,218,"January 12, 1971","University of Connecticut"
burriar01,Art Burris,1951,1952,F,6-5,220,"April 7, 1924","University of Tennessee"
burroju01,Junior Burrough,1996,1996,F,6-8,242,"January 18, 1973","University of Virginia"
burrobo01,Bob Burrow,1957,1958,C-F,6-7,228,"June 29, 1934","University of Kentucky"
burtoed01,Ed Burton,1962,1965,F,6-6,225,"August 13, 1939","Michigan State University"
burtowi01,Willie Burton,1991,1999,F-G,6-8,210,"May 26, 1968","University of Minnesota"
burttst01,Steve Burtt,1985,1993,G,6-2,185,"November 5, 1962","Iona College"
busedo01,Don Buse,1973,1985,G,6-4,190,"August 10, 1950","University of Evansville"
bustida01,David Bustion,1973,1973,F,6-8,215,"August 30, 1949","University of Denver"
butchdo01,Donnie Butcher,1962,1966,G,6-2,200,"February 8, 1936","Pikeville College"
butleal01,Al Butler,1962,1965,G,6-2,175,"July 9, 1938","Niagara University"
butleca01,Caron Butler,2003,2014,F,6-7,217,"March 13, 1980","University of Connecticut"
butlegr01,Greg Butler,1989,1991,C,6-11,240,"March 11, 1966","Stanford University"
butleja01,Jackie Butler,2005,2007,F-C,6-10,250,"March 10, 1985",""
butleji01,Jimmy Butler,2012,2014,F,6-7,220,"September 14, 1989","Marquette University"
butlemi01,Mike Butler,1969,1972,G,6-2,170,"October 22, 1946","University of Memphis"
butlemi02,Mitchell Butler,1994,2004,G-F,6-5,210,"December 15, 1970","University of California, Los Angeles"
butlera01,Rasual Butler,2003,2014,G-F,6-7,205,"May 23, 1979","La Salle University"
buyckdw01,Dwight Buycks,2014,2014,G,6-3,190,"March 6, 1989",""
byarsde01,Derrick Byars,2012,2012,F,6-7,220,"April 25, 1984","Vanderbilt University"
bynuman01,Andrew Bynum,2006,2014,C,7-0,285,"October 27, 1987",""
bynumwi01,Will Bynum,2006,2014,G,6-0,185,"January 4, 1983","Georgia Institute of Technology"
byrdwa01,Walter Byrd,1970,1970,F,6-7,205,"","Temple University"
byrnema01,Marty Byrnes,1979,1983,F,6-7,215,"April 30, 1956","Syracuse University"
byrneto01,Tommy Byrnes,1947,1951,F-G,6-3,175,"February 19, 1923","Seton Hall University"
bytzumi01,Michael Bytzura,1947,1947,F,6-1,170,"June 18, 1922","Long Island University"
